,id,username,year,overarching_category,num_solved
0,84,acormier,2014,Crypt,4
1,84,acormier,2014,Forensics,8
2,84,acormier,2014,Misc,10
3,84,acormier,2014,Rev,1
4,84,acormier,2014,Web,17
5,84,acormier,2015,Crypt,1
6,84,acormier,2015,Forensics,1
7,84,acormier,2015,Rev,1
8,84,acormier,2015,Web,5
9,84,acormier,2017,Crypt,13
10,84,acormier,2017,Forensics,28
11,84,acormier,2017,Misc,16
12,84,acormier,2017,Pwn,11
13,84,acormier,2017,Rev,15
14,84,acormier,2017,Web,22
15,84,acormier,2018,Crypt,2
16,84,acormier,2018,Forensics,9
17,84,acormier,2018,Pwn,24
18,84,acormier,2018,Rev,8
19,84,acormier,2018,Web,24
20,84,acormier,2019,Crypt,1
21,84,acormier,2019,Forensics,2
22,84,acormier,2019,Pwn,6
23,84,acormier,2019,Rev,8
24,84,acormier,2019,Web,5
25,84,acormier,2020,Crypt,8
26,84,acormier,2020,Forensics,2
27,84,acormier,2020,Pwn,7
28,84,acormier,2020,Rev,4
29,84,acormier,2020,Web,8
30,84,acormier,2021,Pwn,2
31,84,acormier,2021,Rev,1
32,84,acormier,2021,Web,1
33,84,acormier,2022,Special,6
34,84,acormier,2022,Web,2
35,84,acormier,2023,Rev,1
36,84,acormier,2023,Special,21
37,84,acormier,2024,Special,2
38,560,HoLyVieR,2014,Crypt,8
39,560,HoLyVieR,2014,Forensics,15
40,560,HoLyVieR,2014,Misc,17
41,560,HoLyVieR,2014,Pwn,12
42,560,HoLyVieR,2014,Rev,15
43,560,HoLyVieR,2014,Web,52
44,560,HoLyVieR,2015,Crypt,8
45,560,HoLyVieR,2015,Forensics,8
46,560,HoLyVieR,2015,Misc,6
47,560,HoLyVieR,2015,Pwn,18
48,560,HoLyVieR,2015,Rev,8
49,560,HoLyVieR,2015,Web,8
50,560,HoLyVieR,2016,Crypt,2
51,560,HoLyVieR,2016,Forensics,11
52,560,HoLyVieR,2016,Misc,2
53,560,HoLyVieR,2016,Pwn,17
54,560,HoLyVieR,2016,Rev,4
55,560,HoLyVieR,2016,Web,6
56,560,HoLyVieR,2017,Crypt,2
57,560,HoLyVieR,2017,Forensics,2
58,560,HoLyVieR,2017,Pwn,4
59,560,HoLyVieR,2017,Rev,3
60,560,HoLyVieR,2017,Web,3
61,560,HoLyVieR,2018,Crypt,1
62,560,HoLyVieR,2018,Forensics,2
63,560,HoLyVieR,2018,Pwn,1
64,560,HoLyVieR,2018,Rev,5
65,560,HoLyVieR,2018,Web,2
66,560,HoLyVieR,2019,Crypt,1
67,560,HoLyVieR,2019,Rev,5
68,560,HoLyVieR,2019,Web,4
69,560,HoLyVieR,2020,Web,1
70,560,HoLyVieR,2022,Crypt,1
71,862,yehuju,2014,Crypt,1
72,862,yehuju,2014,Forensics,3
73,862,yehuju,2014,Rev,1
74,862,yehuju,2014,Web,5
75,862,yehuju,2015,Crypt,8
76,862,yehuju,2015,Forensics,14
77,862,yehuju,2015,Misc,15
78,862,yehuju,2015,Pwn,2
79,862,yehuju,2015,Rev,3
80,862,yehuju,2015,Web,28
81,862,yehuju,2016,Crypt,6
82,862,yehuju,2016,Forensics,17
83,862,yehuju,2016,Misc,9
84,862,yehuju,2016,Pwn,24
85,862,yehuju,2016,Rev,9
86,862,yehuju,2016,Web,21
87,862,yehuju,2017,Forensics,4
88,862,yehuju,2017,Misc,1
89,862,yehuju,2017,Rev,2
90,862,yehuju,2017,Web,1
91,862,yehuju,2018,Forensics,3
92,862,yehuju,2018,Pwn,2
93,862,yehuju,2018,Web,2
94,862,yehuju,2019,Crypt,2
95,862,yehuju,2019,Pwn,1
96,862,yehuju,2019,Rev,9
97,862,yehuju,2019,Web,3
98,862,yehuju,2020,Forensics,5
99,862,yehuju,2020,Misc,1
100,862,yehuju,2020,Web,3
101,862,yehuju,2021,Crypt,3
102,862,yehuju,2021,Misc,3
103,862,yehuju,2021,Pwn,16
104,862,yehuju,2021,Rev,23
105,862,yehuju,2021,Web,11
106,862,yehuju,2022,Forensics,1
107,862,yehuju,2022,Rev,1
108,862,yehuju,2022,Special,4
109,862,yehuju,2023,Special,1
110,862,yehuju,2024,Crypt,1
111,862,yehuju,2024,Forensics,3
112,862,yehuju,2024,Pwn,2
113,862,yehuju,2024,Rev,2
114,862,yehuju,2024,Special,15
115,862,yehuju,2024,Web,2
116,862,yehuju,2025,Crypt,2
117,862,yehuju,2025,Web,1
118,948,Towel,2014,Crypt,3
119,948,Towel,2014,Forensics,2
120,948,Towel,2014,Rev,3
121,948,Towel,2014,Web,3
122,948,Towel,2015,Crypt,13
123,948,Towel,2015,Forensics,28
124,948,Towel,2015,Misc,23
125,948,Towel,2015,Pwn,17
126,948,Towel,2015,Rev,11
127,948,Towel,2015,Web,34
128,948,Towel,2016,Crypt,3
129,948,Towel,2016,Forensics,13
130,948,Towel,2016,Misc,4
131,948,Towel,2016,Pwn,23
132,948,Towel,2016,Rev,12
133,948,Towel,2016,Web,25
134,948,Towel,2017,Crypt,3
135,948,Towel,2017,Forensics,5
136,948,Towel,2017,Pwn,10
137,948,Towel,2017,Rev,13
138,948,Towel,2017,Web,7
139,948,Towel,2018,Crypt,3
140,948,Towel,2018,Forensics,2
141,948,Towel,2018,Pwn,3
142,948,Towel,2018,Rev,3
143,948,Towel,2018,Web,5
144,948,Towel,2019,Crypt,2
145,948,Towel,2019,Forensics,1
146,948,Towel,2019,Rev,8
147,948,Towel,2020,Crypt,2
148,948,Towel,2020,Pwn,1
149,948,Towel,2020,Rev,2
150,948,Towel,2021,Rev,1
151,948,Towel,2022,Forensics,1
152,948,Towel,2022,Misc,3
153,948,Towel,2022,Rev,3
154,948,Towel,2022,Special,2
155,948,Towel,2022,Web,2
156,1334,Freddrickk,2015,Crypt,5
157,1334,Freddrickk,2015,Forensics,19
158,1334,Freddrickk,2015,Misc,15
159,1334,Freddrickk,2015,Pwn,25
160,1334,Freddrickk,2015,Rev,22
161,1334,Freddrickk,2015,Web,41
162,1334,Freddrickk,2016,Crypt,1
163,1334,Freddrickk,2016,Forensics,8
164,1334,Freddrickk,2016,Misc,6
165,1334,Freddrickk,2016,Pwn,19
166,1334,Freddrickk,2016,Rev,2
167,1334,Freddrickk,2016,Web,11
168,1334,Freddrickk,2018,Crypt,12
169,1334,Freddrickk,2018,Forensics,17
170,1334,Freddrickk,2018,Misc,4
171,1334,Freddrickk,2018,Pwn,11
172,1334,Freddrickk,2018,Rev,24
173,1334,Freddrickk,2018,Web,23
174,1334,Freddrickk,2019,Web,1
175,1334,Freddrickk,2020,Crypt,1
176,1334,Freddrickk,2020,Misc,1
177,1334,Freddrickk,2020,Pwn,2
178,1334,Freddrickk,2020,Rev,7
179,1334,Freddrickk,2020,Web,5
180,1512,cyberguru,2015,Crypt,12
181,1512,cyberguru,2015,Forensics,28
182,1512,cyberguru,2015,Misc,22
183,1512,cyberguru,2015,Pwn,25
184,1512,cyberguru,2015,Rev,22
185,1512,cyberguru,2015,Web,54
186,1512,cyberguru,2016,Crypt,4
187,1512,cyberguru,2016,Forensics,10
188,1512,cyberguru,2016,Misc,4
189,1512,cyberguru,2016,Pwn,23
190,1512,cyberguru,2016,Rev,6
191,1512,cyberguru,2016,Web,11
192,1512,cyberguru,2017,Crypt,2
193,1512,cyberguru,2017,Forensics,5
194,1512,cyberguru,2017,Pwn,4
195,1512,cyberguru,2017,Rev,5
196,1512,cyberguru,2017,Web,2
197,1512,cyberguru,2018,Crypt,5
198,1512,cyberguru,2018,Forensics,1
199,1512,cyberguru,2018,Pwn,3
200,1512,cyberguru,2018,Rev,3
201,1512,cyberguru,2018,Web,1
202,1512,cyberguru,2019,Rev,6
203,1512,cyberguru,2019,Web,1
204,1512,cyberguru,2020,Crypt,3
205,1512,cyberguru,2020,Pwn,2
206,1512,cyberguru,2020,Rev,1
207,1512,cyberguru,2020,Web,7
208,1512,cyberguru,2021,Crypt,1
209,1512,cyberguru,2021,Forensics,3
210,1512,cyberguru,2021,Rev,1
211,1512,cyberguru,2021,Web,5
212,1512,cyberguru,2022,Special,3
213,1512,cyberguru,2022,Web,2
214,2054,mbergeron,2015,Crypt,11
215,2054,mbergeron,2015,Forensics,23
216,2054,mbergeron,2015,Misc,23
217,2054,mbergeron,2015,Pwn,5
218,2054,mbergeron,2015,Rev,1
219,2054,mbergeron,2015,Web,35
220,2054,mbergeron,2016,Web,7
221,2054,mbergeron,2017,Forensics,6
222,2054,mbergeron,2017,Misc,1
223,2054,mbergeron,2017,Pwn,4
224,2054,mbergeron,2017,Rev,2
225,2054,mbergeron,2017,Web,22
226,2054,mbergeron,2018,Crypt,3
227,2054,mbergeron,2018,Forensics,1
228,2054,mbergeron,2018,Misc,2
229,2054,mbergeron,2018,Pwn,11
230,2054,mbergeron,2018,Web,10
231,2054,mbergeron,2019,Crypt,4
232,2054,mbergeron,2019,Forensics,25
233,2054,mbergeron,2019,Pwn,23
234,2054,mbergeron,2019,Rev,33
235,2054,mbergeron,2019,Web,10
236,2054,mbergeron,2020,Crypt,3
237,2054,mbergeron,2020,Forensics,1
238,2054,mbergeron,2020,Pwn,12
239,2054,mbergeron,2020,Rev,7
240,2054,mbergeron,2020,Web,8
241,2054,mbergeron,2021,Web,1
242,2054,mbergeron,2022,Special,2
243,2574,dysleixa,2015,Crypt,2
244,2574,dysleixa,2015,Forensics,1
245,2574,dysleixa,2015,Misc,4
246,2574,dysleixa,2015,Rev,1
247,2574,dysleixa,2015,Web,12
248,2574,dysleixa,2016,Crypt,14
249,2574,dysleixa,2016,Forensics,18
250,2574,dysleixa,2016,Misc,18
251,2574,dysleixa,2016,Pwn,18
252,2574,dysleixa,2016,Rev,12
253,2574,dysleixa,2016,Web,40
254,2574,dysleixa,2017,Crypt,5
255,2574,dysleixa,2017,Forensics,17
256,2574,dysleixa,2017,Misc,4
257,2574,dysleixa,2017,Pwn,9
258,2574,dysleixa,2017,Rev,3
259,2574,dysleixa,2017,Web,7
260,2574,dysleixa,2018,Crypt,4
261,2574,dysleixa,2018,Forensics,1
262,2574,dysleixa,2018,Rev,14
263,2574,dysleixa,2018,Web,7
264,2574,dysleixa,2019,Crypt,5
265,2574,dysleixa,2019,Forensics,3
266,2574,dysleixa,2019,Pwn,8
267,2574,dysleixa,2019,Web,2
268,2574,dysleixa,2020,Crypt,3
269,2574,dysleixa,2020,Web,2
270,2574,dysleixa,2021,Crypt,3
271,2574,dysleixa,2021,Forensics,7
272,2574,dysleixa,2021,Pwn,19
273,2574,dysleixa,2021,Rev,14
274,2574,dysleixa,2021,Web,20
275,2574,dysleixa,2022,Forensics,2
276,2574,dysleixa,2022,Pwn,17
277,2574,dysleixa,2022,Rev,8
278,2574,dysleixa,2022,Special,8
279,2574,dysleixa,2022,Web,1
280,2574,dysleixa,2023,Special,27
281,2574,dysleixa,2024,Special,11
282,2586,stamparm,2015,Crypt,15
283,2586,stamparm,2015,Forensics,34
284,2586,stamparm,2015,Misc,26
285,2586,stamparm,2015,Pwn,26
286,2586,stamparm,2015,Rev,24
287,2586,stamparm,2015,Web,60
288,2586,stamparm,2016,Crypt,4
289,2586,stamparm,2016,Forensics,3
290,2586,stamparm,2016,Pwn,19
291,2586,stamparm,2016,Rev,9
292,2586,stamparm,2016,Web,7
293,2586,stamparm,2017,Crypt,2
294,2586,stamparm,2017,Forensics,8
295,2586,stamparm,2017,Pwn,3
296,2586,stamparm,2017,Rev,6
297,2586,stamparm,2017,Web,3
298,2586,stamparm,2018,Crypt,4
299,2586,stamparm,2018,Forensics,4
300,2586,stamparm,2018,Pwn,3
301,2586,stamparm,2018,Rev,10
302,2586,stamparm,2018,Web,5
303,3229,GuilT,2015,Crypt,14
304,3229,GuilT,2015,Forensics,13
305,3229,GuilT,2015,Misc,23
306,3229,GuilT,2015,Pwn,23
307,3229,GuilT,2015,Rev,20
308,3229,GuilT,2015,Web,47
309,3229,GuilT,2016,Forensics,3
310,3229,GuilT,2016,Misc,3
311,3229,GuilT,2016,Pwn,26
312,3229,GuilT,2016,Rev,4
313,3229,GuilT,2016,Web,13
314,3229,GuilT,2017,Forensics,1
315,3229,GuilT,2017,Pwn,4
316,3229,GuilT,2017,Rev,2
317,3229,GuilT,2018,Rev,7
318,3229,GuilT,2018,Web,3
319,3229,GuilT,2019,Crypt,2
320,3229,GuilT,2019,Forensics,27
321,3229,GuilT,2019,Pwn,2
322,3229,GuilT,2019,Rev,9
323,3229,GuilT,2019,Web,3
324,3229,GuilT,2021,Web,6
325,3229,GuilT,2023,Special,6
326,3919,an0n,2015,Crypt,14
327,3919,an0n,2015,Forensics,35
328,3919,an0n,2015,Misc,26
329,3919,an0n,2015,Pwn,20
330,3919,an0n,2015,Rev,18
331,3919,an0n,2015,Web,58
332,3919,an0n,2016,Crypt,3
333,3919,an0n,2016,Forensics,7
334,3919,an0n,2016,Pwn,34
335,3919,an0n,2016,Rev,13
336,3919,an0n,2016,Web,9
337,3919,an0n,2017,Crypt,5
338,3919,an0n,2017,Forensics,4
339,3919,an0n,2017,Misc,1
340,3919,an0n,2017,Pwn,6
341,3919,an0n,2017,Rev,7
342,3919,an0n,2017,Web,3
343,5258,Corb3nik,2015,Crypt,8
344,5258,Corb3nik,2015,Forensics,9
345,5258,Corb3nik,2015,Rev,1
346,5258,Corb3nik,2015,Web,22
347,5258,Corb3nik,2016,Crypt,1
348,5258,Corb3nik,2016,Forensics,17
349,5258,Corb3nik,2016,Misc,26
350,5258,Corb3nik,2016,Pwn,35
351,5258,Corb3nik,2016,Rev,9
352,5258,Corb3nik,2016,Web,40
353,5258,Corb3nik,2017,Crypt,9
354,5258,Corb3nik,2017,Forensics,21
355,5258,Corb3nik,2017,Pwn,27
356,5258,Corb3nik,2017,Rev,24
357,5258,Corb3nik,2017,Web,9
358,5258,Corb3nik,2018,Crypt,1
359,5258,Corb3nik,2018,Forensics,2
360,5258,Corb3nik,2018,Pwn,2
361,5258,Corb3nik,2018,Rev,10
362,5258,Corb3nik,2018,Web,6
363,5258,Corb3nik,2019,Crypt,1
364,5258,Corb3nik,2019,Forensics,5
365,5258,Corb3nik,2019,Rev,9
366,5258,Corb3nik,2019,Web,5
367,5258,Corb3nik,2020,Crypt,4
368,5258,Corb3nik,2020,Forensics,1
369,5258,Corb3nik,2020,Pwn,2
370,5258,Corb3nik,2020,Rev,1
371,5258,Corb3nik,2020,Web,8
372,5258,Corb3nik,2021,Crypt,2
373,5258,Corb3nik,2021,Pwn,2
374,5258,Corb3nik,2021,Rev,1
375,5258,Corb3nik,2021,Web,3
376,5258,Corb3nik,2022,Special,1
377,5409,Superior,2015,Crypt,3
378,5409,Superior,2015,Forensics,12
379,5409,Superior,2015,Misc,8
380,5409,Superior,2015,Web,25
381,5409,Superior,2016,Web,1
382,5409,Superior,2017,Crypt,4
383,5409,Superior,2017,Forensics,5
384,5409,Superior,2017,Misc,6
385,5409,Superior,2017,Pwn,3
386,5409,Superior,2017,Web,4
387,5409,Superior,2018,Crypt,1
388,5409,Superior,2018,Forensics,1
389,5409,Superior,2018,Rev,1
390,5409,Superior,2019,Crypt,1
391,5409,Superior,2019,Forensics,4
392,5409,Superior,2019,Pwn,6
393,5409,Superior,2019,Web,3
394,5409,Superior,2020,Forensics,4
395,5409,Superior,2020,Misc,6
396,5409,Superior,2020,Rev,1
397,5409,Superior,2020,Web,10
398,5409,Superior,2022,Crypt,10
399,5409,Superior,2022,Forensics,15
400,5409,Superior,2022,Misc,5
401,5409,Superior,2022,Pwn,13
402,5409,Superior,2022,Rev,3
403,5409,Superior,2022,Special,4
404,5409,Superior,2022,Web,24
405,5409,Superior,2023,Crypt,7
406,5409,Superior,2023,Forensics,5
407,5409,Superior,2023,Misc,1
408,5409,Superior,2023,Pwn,19
409,5409,Superior,2023,Rev,24
410,5409,Superior,2023,Special,1
411,5409,Superior,2023,Web,15
412,5409,Superior,2024,Crypt,5
413,5409,Superior,2024,Forensics,3
414,5409,Superior,2024,Pwn,3
415,5409,Superior,2024,Rev,4
416,5409,Superior,2024,Special,20
417,5409,Superior,2024,Web,2
418,5409,Superior,2025,Crypt,4
419,5409,Superior,2025,Forensics,6
420,5409,Superior,2025,Misc,3
421,5409,Superior,2025,Pwn,1
422,5409,Superior,2025,Rev,11
423,5409,Superior,2025,Special,11
424,5409,Superior,2025,Web,2
425,5440,fLink,2015,Crypt,1
426,5440,fLink,2015,Forensics,4
427,5440,fLink,2015,Misc,3
428,5440,fLink,2015,Pwn,1
429,5440,fLink,2015,Web,32
430,5440,fLink,2016,Crypt,11
431,5440,fLink,2016,Forensics,34
432,5440,fLink,2016,Misc,23
433,5440,fLink,2016,Pwn,37
434,5440,fLink,2016,Rev,9
435,5440,fLink,2016,Web,32
436,5440,fLink,2017,Crypt,1
437,5440,fLink,2017,Forensics,3
438,5440,fLink,2017,Pwn,5
439,5440,fLink,2017,Rev,6
440,5440,fLink,2017,Web,5
441,5440,fLink,2018,Crypt,4
442,5440,fLink,2018,Forensics,3
443,5440,fLink,2018,Pwn,8
444,5440,fLink,2018,Rev,9
445,5440,fLink,2018,Web,5
446,5440,fLink,2019,Forensics,1
447,5440,fLink,2019,Pwn,4
448,5440,fLink,2019,Rev,12
449,5440,fLink,2019,Web,3
450,5732,killer2,2015,Crypt,7
451,5732,killer2,2015,Forensics,22
452,5732,killer2,2015,Misc,20
453,5732,killer2,2015,Pwn,8
454,5732,killer2,2015,Rev,13
455,5732,killer2,2015,Web,19
456,5732,killer2,2016,Crypt,8
457,5732,killer2,2016,Forensics,8
458,5732,killer2,2016,Misc,4
459,5732,killer2,2016,Pwn,27
460,5732,killer2,2016,Rev,5
461,5732,killer2,2016,Web,28
462,5732,killer2,2018,Crypt,4
463,5732,killer2,2018,Forensics,14
464,5732,killer2,2018,Misc,2
465,5732,killer2,2018,Pwn,14
466,5732,killer2,2018,Rev,22
467,5732,killer2,2018,Web,22
468,8603,nic-lovin,2016,Crypt,11
469,8603,nic-lovin,2016,Forensics,25
470,8603,nic-lovin,2016,Misc,15
471,8603,nic-lovin,2016,Pwn,16
472,8603,nic-lovin,2016,Rev,9
473,8603,nic-lovin,2016,Web,20
474,8603,nic-lovin,2017,Crypt,3
475,8603,nic-lovin,2017,Forensics,15
476,8603,nic-lovin,2017,Misc,11
477,8603,nic-lovin,2017,Pwn,13
478,8603,nic-lovin,2017,Rev,10
479,8603,nic-lovin,2017,Web,40
480,8603,nic-lovin,2018,Crypt,2
481,8603,nic-lovin,2018,Forensics,6
482,8603,nic-lovin,2018,Pwn,6
483,8603,nic-lovin,2018,Rev,12
484,8603,nic-lovin,2018,Web,10
485,8603,nic-lovin,2019,Crypt,1
486,8603,nic-lovin,2019,Forensics,4
487,8603,nic-lovin,2019,Pwn,3
488,8603,nic-lovin,2019,Rev,10
489,8603,nic-lovin,2019,Web,6
490,8603,nic-lovin,2020,Crypt,1
491,8603,nic-lovin,2020,Misc,1
492,8603,nic-lovin,2020,Pwn,7
493,8603,nic-lovin,2020,Rev,9
494,8603,nic-lovin,2020,Web,10
495,8603,nic-lovin,2021,Crypt,1
496,8603,nic-lovin,2022,Pwn,3
497,8603,nic-lovin,2022,Rev,1
498,8603,nic-lovin,2022,Special,5
499,8603,nic-lovin,2022,Web,1
500,8603,nic-lovin,2023,Special,2
501,8603,nic-lovin,2024,Forensics,1
502,8603,nic-lovin,2025,Special,1
503,10059,Sideni,2016,Crypt,2
504,10059,Sideni,2016,Forensics,7
505,10059,Sideni,2016,Web,46
506,10059,Sideni,2017,Crypt,8
507,10059,Sideni,2017,Forensics,13
508,10059,Sideni,2017,Misc,9
509,10059,Sideni,2017,Pwn,4
510,10059,Sideni,2017,Rev,7
511,10059,Sideni,2017,Web,9
512,10059,Sideni,2018,Crypt,5
513,10059,Sideni,2018,Forensics,14
514,10059,Sideni,2018,Misc,15
515,10059,Sideni,2018,Pwn,24
516,10059,Sideni,2018,Rev,1
517,10059,Sideni,2018,Web,17
518,10059,Sideni,2019,Forensics,21
519,10059,Sideni,2019,Misc,2
520,10059,Sideni,2019,Pwn,15
521,10059,Sideni,2019,Rev,19
522,10059,Sideni,2019,Web,10
523,10059,Sideni,2020,Crypt,2
524,10059,Sideni,2020,Pwn,3
525,10059,Sideni,2020,Rev,1
526,10059,Sideni,2020,Web,7
527,10059,Sideni,2021,Crypt,6
528,10059,Sideni,2021,Pwn,7
529,10059,Sideni,2021,Rev,14
530,10059,Sideni,2021,Web,2
531,10059,Sideni,2022,Crypt,4
532,10059,Sideni,2022,Pwn,14
533,10059,Sideni,2022,Rev,7
534,10059,Sideni,2022,Special,8
535,10059,Sideni,2022,Web,2
536,11566,allfro,2016,Forensics,3
537,11566,allfro,2016,Misc,9
538,11566,allfro,2016,Pwn,19
539,11566,allfro,2016,Web,39
540,11566,allfro,2017,Forensics,3
541,11566,allfro,2017,Pwn,2
542,11566,allfro,2017,Web,3
543,11566,allfro,2018,Crypt,13
544,11566,allfro,2018,Forensics,29
545,11566,allfro,2018,Misc,14
546,11566,allfro,2018,Pwn,15
547,11566,allfro,2018,Rev,14
548,11566,allfro,2018,Web,27
549,11566,allfro,2019,Forensics,8
550,11566,allfro,2019,Misc,2
551,11566,allfro,2019,Pwn,7
552,11566,allfro,2019,Rev,16
553,11566,allfro,2019,Web,10
554,11566,allfro,2020,Forensics,7
555,11566,allfro,2020,Misc,1
556,11566,allfro,2020,Pwn,7
557,11566,allfro,2020,Rev,3
558,11566,allfro,2020,Web,7
559,11566,allfro,2021,Rev,2
560,11566,allfro,2021,Web,1
561,11566,allfro,2022,Pwn,1
562,11566,allfro,2023,Misc,3
563,11566,allfro,2023,Special,4
564,11566,allfro,2024,Crypt,1
565,11566,allfro,2024,Special,2
566,11566,allfro,2025,Pwn,3
567,11566,allfro,2025,Rev,5
568,14785,sagefault,2017,Crypt,10
569,14785,sagefault,2017,Forensics,20
570,14785,sagefault,2017,Misc,5
571,14785,sagefault,2017,Web,34
572,14785,sagefault,2018,Crypt,11
573,14785,sagefault,2018,Forensics,28
574,14785,sagefault,2018,Misc,19
575,14785,sagefault,2018,Pwn,36
576,14785,sagefault,2018,Rev,38
577,14785,sagefault,2018,Web,17
578,14785,sagefault,2019,Crypt,10
579,14785,sagefault,2019,Forensics,7
580,14785,sagefault,2019,Misc,2
581,14785,sagefault,2019,Pwn,16
582,14785,sagefault,2019,Rev,17
583,14785,sagefault,2019,Web,32
584,14785,sagefault,2020,Crypt,3
585,14785,sagefault,2020,Forensics,1
586,14785,sagefault,2020,Pwn,5
587,14785,sagefault,2020,Rev,4
588,14785,sagefault,2020,Web,8
589,14785,sagefault,2021,Crypt,2
590,14785,sagefault,2021,Misc,4
591,14785,sagefault,2021,Pwn,5
592,14785,sagefault,2021,Rev,2
593,14785,sagefault,2021,Web,1
594,14785,sagefault,2022,Forensics,1
595,14785,sagefault,2022,Pwn,9
596,14785,sagefault,2022,Rev,1
597,14785,sagefault,2022,Special,8
598,14785,sagefault,2022,Web,2
599,14785,sagefault,2023,Special,32
600,14785,sagefault,2025,Special,1
601,15071,fob,2017,Crypt,9
602,15071,fob,2017,Forensics,31
603,15071,fob,2017,Misc,21
604,15071,fob,2017,Pwn,24
605,15071,fob,2017,Rev,16
606,15071,fob,2017,Web,35
607,15071,fob,2018,Crypt,2
608,15071,fob,2018,Misc,2
609,15071,fob,2018,Pwn,5
610,15071,fob,2018,Rev,3
611,15071,fob,2018,Web,25
612,15071,fob,2019,Crypt,2
613,15071,fob,2019,Forensics,6
614,15071,fob,2019,Misc,1
615,15071,fob,2019,Rev,7
616,15071,fob,2019,Web,13
617,15071,fob,2020,Pwn,2
618,15071,fob,2020,Web,7
619,15071,fob,2021,Pwn,19
620,15071,fob,2021,Rev,15
621,15071,fob,2021,Web,8
622,15071,fob,2022,Misc,1
623,15071,fob,2022,Pwn,5
624,15071,fob,2022,Rev,1
625,15071,fob,2022,Special,6
626,15071,fob,2022,Web,1
627,15071,fob,2023,Special,7
628,15640,jusb3,2017,Crypt,17
629,15640,jusb3,2017,Forensics,27
630,15640,jusb3,2017,Misc,22
631,15640,jusb3,2017,Pwn,9
632,15640,jusb3,2017,Rev,20
633,15640,jusb3,2017,Web,43
634,15640,jusb3,2018,Crypt,4
635,15640,jusb3,2018,Forensics,21
636,15640,jusb3,2018,Misc,4
637,15640,jusb3,2018,Pwn,32
638,15640,jusb3,2018,Rev,28
639,15640,jusb3,2018,Web,25
640,15640,jusb3,2019,Crypt,7
641,15640,jusb3,2019,Forensics,6
642,15640,jusb3,2019,Misc,1
643,15640,jusb3,2019,Pwn,8
644,15640,jusb3,2019,Rev,6
645,15640,jusb3,2019,Web,7
646,15640,jusb3,2020,Crypt,6
647,15640,jusb3,2020,Forensics,1
648,15640,jusb3,2020,Pwn,6
649,15640,jusb3,2020,Rev,3
650,15640,jusb3,2020,Web,10
651,15640,jusb3,2021,Crypt,2
652,15640,jusb3,2021,Misc,3
653,15640,jusb3,2021,Pwn,7
654,15640,jusb3,2021,Rev,4
655,15640,jusb3,2021,Web,2
656,15640,jusb3,2022,Forensics,2
657,15640,jusb3,2022,Pwn,9
658,15640,jusb3,2022,Rev,1
659,15640,jusb3,2022,Special,8
660,15640,jusb3,2022,Web,7
661,15640,jusb3,2023,Special,25
662,18203,dinus,2017,Crypt,18
663,18203,dinus,2017,Forensics,23
664,18203,dinus,2017,Misc,18
665,18203,dinus,2017,Pwn,25
666,18203,dinus,2017,Rev,18
667,18203,dinus,2017,Web,53
668,18203,dinus,2018,Crypt,3
669,18203,dinus,2018,Forensics,19
670,18203,dinus,2018,Misc,8
671,18203,dinus,2018,Pwn,8
672,18203,dinus,2018,Rev,13
673,18203,dinus,2018,Web,20
674,18203,dinus,2019,Crypt,1
675,18203,dinus,2019,Forensics,6
676,18203,dinus,2019,Pwn,9
677,18203,dinus,2019,Rev,7
678,18203,dinus,2019,Web,8
679,18203,dinus,2020,Forensics,2
680,18203,dinus,2020,Pwn,6
681,18203,dinus,2020,Rev,2
682,18203,dinus,2020,Web,4
683,18203,dinus,2021,Crypt,2
684,18203,dinus,2021,Rev,1
685,18203,dinus,2021,Web,5
686,18203,dinus,2023,Special,1
687,18203,dinus,2025,Crypt,4
688,18533,gdenhez,2017,Crypt,2
689,18533,gdenhez,2017,Forensics,4
690,18533,gdenhez,2017,Misc,3
691,18533,gdenhez,2017,Pwn,4
692,18533,gdenhez,2017,Rev,1
693,18533,gdenhez,2017,Web,13
694,18533,gdenhez,2018,Forensics,1
695,18533,gdenhez,2018,Web,1
696,18533,gdenhez,2019,Crypt,10
697,18533,gdenhez,2019,Forensics,2
698,18533,gdenhez,2019,Misc,1
699,18533,gdenhez,2019,Web,1
700,18533,gdenhez,2020,Crypt,7
701,18533,gdenhez,2020,Forensics,18
702,18533,gdenhez,2020,Misc,12
703,18533,gdenhez,2020,Pwn,8
704,18533,gdenhez,2020,Rev,6
705,18533,gdenhez,2020,Web,5
706,18533,gdenhez,2021,Crypt,17
707,18533,gdenhez,2021,Forensics,4
708,18533,gdenhez,2021,Misc,7
709,18533,gdenhez,2021,Pwn,2
710,18533,gdenhez,2021,Rev,1
711,18533,gdenhez,2021,Web,8
712,18533,gdenhez,2022,Forensics,1
713,18533,gdenhez,2022,Misc,7
714,18533,gdenhez,2022,Pwn,10
715,18533,gdenhez,2023,Forensics,27
716,18533,gdenhez,2023,Pwn,3
717,18533,gdenhez,2023,Rev,13
718,18533,gdenhez,2023,Special,13
719,18533,gdenhez,2023,Web,2
720,18533,gdenhez,2024,Pwn,6
721,18533,gdenhez,2024,Rev,3
722,18533,gdenhez,2024,Special,19
723,18533,gdenhez,2024,Web,5
724,18533,gdenhez,2025,Pwn,16
725,21514,theindian,2018,Crypt,12
726,21514,theindian,2018,Forensics,18
727,21514,theindian,2018,Misc,24
728,21514,theindian,2018,Pwn,16
729,21514,theindian,2018,Rev,2
730,21514,theindian,2018,Web,14
731,21514,theindian,2019,Crypt,5
732,21514,theindian,2019,Forensics,24
733,21514,theindian,2019,Misc,3
734,21514,theindian,2019,Pwn,6
735,21514,theindian,2019,Rev,5
736,21514,theindian,2019,Web,20
737,21514,theindian,2020,Crypt,11
738,21514,theindian,2020,Forensics,14
739,21514,theindian,2020,Pwn,6
740,21514,theindian,2020,Rev,12
741,21514,theindian,2020,Web,12
742,21514,theindian,2021,Misc,3
743,21514,theindian,2021,Pwn,1
744,21514,theindian,2021,Rev,19
745,21514,theindian,2021,Web,25
746,21514,theindian,2022,Crypt,2
747,21514,theindian,2022,Forensics,1
748,21514,theindian,2022,Pwn,14
749,21514,theindian,2022,Special,8
750,21514,theindian,2022,Web,1
751,22070,alxbl,2018,Crypt,11
752,22070,alxbl,2018,Forensics,14
753,22070,alxbl,2018,Misc,18
754,22070,alxbl,2018,Pwn,22
755,22070,alxbl,2018,Web,56
756,22070,alxbl,2019,Crypt,5
757,22070,alxbl,2019,Forensics,41
758,22070,alxbl,2019,Misc,9
759,22070,alxbl,2019,Pwn,12
760,22070,alxbl,2019,Rev,5
761,22070,alxbl,2019,Web,27
762,22070,alxbl,2020,Crypt,1
763,22070,alxbl,2020,Forensics,1
764,22070,alxbl,2020,Pwn,22
765,22070,alxbl,2020,Rev,8
766,22070,alxbl,2020,Web,9
767,22070,alxbl,2021,Rev,1
768,24802,errorinside,2018,Crypt,10
769,24802,errorinside,2018,Forensics,17
770,24802,errorinside,2018,Misc,7
771,24802,errorinside,2018,Rev,17
772,24802,errorinside,2018,Web,10
773,24802,errorinside,2019,Crypt,1
774,24802,errorinside,2019,Forensics,3
775,24802,errorinside,2021,Crypt,8
776,24802,errorinside,2021,Forensics,25
777,24802,errorinside,2021,Misc,22
778,24802,errorinside,2021,Pwn,37
779,24802,errorinside,2021,Rev,30
780,24802,errorinside,2021,Web,58
781,24802,errorinside,2022,Crypt,1
782,24802,errorinside,2022,Forensics,2
783,24802,errorinside,2022,Pwn,7
784,24802,errorinside,2022,Rev,1
785,24802,errorinside,2022,Special,4
786,24802,errorinside,2022,Web,6
787,24802,errorinside,2025,Crypt,1
788,24802,errorinside,2025,Pwn,1
789,24802,errorinside,2025,Rev,2
790,35599,bluedevil,2020,Rev,18
791,35599,bluedevil,2021,Rev,16
792,35599,bluedevil,2022,Crypt,20
793,35599,bluedevil,2022,Forensics,47
794,35599,bluedevil,2022,Misc,29
795,35599,bluedevil,2022,Pwn,44
796,35599,bluedevil,2022,Rev,14
797,35599,bluedevil,2022,Special,4
798,35599,bluedevil,2022,Web,74
799,35599,bluedevil,2025,Crypt,1
800,35599,bluedevil,2025,Forensics,3
801,35599,bluedevil,2025,Pwn,2
802,35599,bluedevil,2025,Rev,4
803,35599,bluedevil,2025,Special,26
804,35599,bluedevil,2025,Web,2
805,36961,V5November,2020,Crypt,15
806,36961,V5November,2020,Forensics,41
807,36961,V5November,2020,Misc,26
808,36961,V5November,2020,Pwn,31
809,36961,V5November,2020,Rev,24
810,36961,V5November,2020,Web,68
811,36961,V5November,2021,Crypt,2
812,36961,V5November,2021,Pwn,3
813,36961,V5November,2021,Rev,9
814,36961,V5November,2021,Web,3
815,36961,V5November,2022,Crypt,2
816,36961,V5November,2022,Forensics,4
817,36961,V5November,2022,Misc,3
818,36961,V5November,2022,Pwn,16
819,36961,V5November,2022,Rev,3
820,36961,V5November,2022,Special,2
821,36961,V5November,2022,Web,3
822,36961,V5November,2024,Forensics,3
823,36961,V5November,2024,Pwn,5
824,36961,V5November,2024,Rev,2
825,36961,V5November,2025,Rev,1
826,40063,fsharp,2021,Crypt,5
827,40063,fsharp,2021,Forensics,1
828,40063,fsharp,2021,Rev,4
829,40063,fsharp,2021,Web,6
830,40063,fsharp,2022,Crypt,19
831,40063,fsharp,2022,Forensics,53
832,40063,fsharp,2022,Misc,26
833,40063,fsharp,2022,Pwn,31
834,40063,fsharp,2022,Rev,40
835,40063,fsharp,2022,Special,4
836,40063,fsharp,2022,Web,59
837,40063,fsharp,2023,Crypt,6
838,40063,fsharp,2023,Forensics,2
839,40063,fsharp,2023,Misc,3
840,40063,fsharp,2023,Pwn,9
841,40063,fsharp,2023,Rev,1
842,40063,fsharp,2023,Special,21
843,40063,fsharp,2023,Web,2
844,40063,fsharp,2025,Pwn,2
845,40063,fsharp,2025,Rev,8
846,40063,fsharp,2025,Special,1
847,49696,sysfail,2024,Crypt,32
848,49696,sysfail,2024,Forensics,55
849,49696,sysfail,2024,Misc,29
850,49696,sysfail,2024,Pwn,37
851,49696,sysfail,2024,Rev,50
852,49696,sysfail,2024,Special,23
853,49696,sysfail,2024,Web,85
